label;url
label;url
gas torch;https://www.rsek.com/wp-content/uploads/2021/05/HOB1268034-1.jpg
gas torch;https://prorab04.ru/image/cache/catalog/imgs/1605-500x500.jpg
gas torch;http://gazovikdv.ru/images/stories/virtuemart/product/NA-167%201.jpg
gas torch;https://static.tildacdn.com/tild3664-3962-4734-b533-346437313062/NA-192.jpg
gas torch;https://ke-images.servicecdn.ru/cfebvumob1larl69f6lg/original.jpg
gas torch;https://kraftool-rus.ru/wa-data/public/shop/products/27/21/2127/images/5716/5716.970.jpg
gas torch;https://www.trioservice.ru/upload/resize_cache/iblock/d20/1024_1024_1a93aaf75a1829dbe94a73e0b1eef501e/d2079c68785e82fa4552b411e1aca4b7.jpg
gas torch;https://st42.stpulscen.ru/images/product/467/021/190_big.jpg
gas torch;https://www.usbmag.ru/upload/iblock/378/3782932fb443d8973f61d6a438b8e74e.jpeg
gas torch;https://trendoptom.ru/image/cache/catalog/novinki/sportivnye-tovary/tovary-dlya-turizma/grelki-plity/gazovaya-gorelka-flame-gum-no900-s-pezopodzhigom-4-500x500.jpg
gas torch;https://murmansk.rybolov66.ru/wa-data/public/shop/products/39/34/83439/images/45294/45294.970.jpg
gas torch;https://omskel.ru/wa-data/public/shop/products/37/03/337/images/2467/2467.970.jpg
gas torch;https://trendoptom.ru/image/cache/catalog/novinki/sportivnye-tovary/tovary-dlya-turizma/grelki-plity/gazovaya-gorelka-flame-gum-no900-s-pezopodzhigom-4-500x500.jpg
gas torch;https://kuzov-vp.ru/uploadedFiles/eshopimages/big/gorelka121-3.jpg
gas torch;https://forestfield.ru/images/virtuemart/product/8052-1b07f1d9ff67bbad581d467984a29575-jpg.jpg
gas torch;https://magazin-filina.ru/image/cache/catalog/import_files/cf/cf0e7c76c46511e59bdbd0ea4313b7e9_cf0e7c77c46511e59bdbd0ea4313b7e9-800x800.jpg
gas torch;https://specodezhdaoptom.ru/wa-data/public/shop/products/92/05/592/images/675/675.970.jpeg
gas torch;https://sledopyt-camping.ru/wa-data/public/shop/products/24/91/469124/images/5419/5419.750x0.jpg
gas torch;https://specodezhdaoptom.ru/wa-data/public/shop/products/92/05/592/images/675/675.970.jpeg
gas torch;https://sledopyt-camping.ru/wa-data/public/shop/products/24/91/469124/images/5419/5419.750x0.jpg
gas torch;https://planeta-elektriki.ru/upload/iblock/304/bye5mzbszuzpwspjuf6gofr0dpgd6i0a/12_0034_1.jpeg
gas torch;http://gazovikdv.ru/images/stories/virtuemart/product/NA-197%201.jpg
gas torch;https://kraftool-rus.ru/wa-data/public/shop/products/27/21/2127/images/5715/5715.970.jpg
gas torch;https://www.trioservice.ru/upload/resize_cache/iblock/dca/1024_1024_1a93aaf75a1829dbe94a73e0b1eef501e/dca2b463520ae6584f11f2cbae623231.jpg
gas torch;https://img.fruugo.com/product/5/95/722709955_max.jpg
gas torch;https://images.thdstatic.com/productImages/c5eff9ff-0ca3-461e-b1c1-d9b4eaee7704/svn/flame-king-torches-tanks-ysnax1-207-64_600.jpg
gas torch;https://www.sibbons.co.uk/wp-content/uploads/2016/06/GAZTHP3000PZ.jpg
gas torch;https://img.joomcdn.net/aa05bda4725b69394873e99da89b0dafd2ea8265_original.jpeg
gas torch;https://static.thcdn.com/images/large/original//productimg/1600/1600/12821070-1524831965721284.jpg
gas torch;https://thestationers.pk/cdn/shop/products/flame-gun-gas-torch-the-stationers-31306736566510.jpg
gas torch;https://absons.lk/wp-content/uploads/2020/05/12.3-Final-scaled.jpg
gas torch;https://www.autoone.com.au/images/CategoryImages/HDWK.jpeg
gas torch;https://alva.co.za/cdn/shop/files/ALV8209281712418-1.jpg
gas torch;https://cdn.aws.toolstation.com/images/141020-UK/800/51854.jpg
gas torch;https://images.squarespace-cdn.com/content/v1/58b824d9579fb3c2d72396e0/1591609325956-01TY5U3AN2JQY2FTC75Z/main-micro-torch-image-side-view.jpg
bogie hearth furnace;https://www.gadda.com/wp-content/uploads/2019/06/1-1298-ok.jpg
bogie hearth furnace;https://stankoteka.ru/upload/resize_cache/iblock/562/1000_697_1619711fa078991f0a23d032687646b21/Snimok4.JPG
bogie hearth furnace;https://aravana74.ru/image/catalog/kep-vpr/IMG_20210722_150218_2_S.jpg
bogie hearth furnace;https://www.nakal.ru/upload/medialibrary/7e3/ПВП%2010.20.8д14-М%20закрашена.jpg
bogie hearth furnace;https://sushilnye-kamery.ru/wp-content/uploads/2023/08/VKTP-7000_09-bogie-hearth-chamber-furnace.jpg
bogie hearth furnace;https://www.sciprotec.com/wp-content/uploads/herdwagenofen-waermebehandlung-stahl.jpg
bogie hearth furnace;https://lab-term.ru/upload/iblock/d44/d442c6771ad2f767677f529c62e1bce9.jpg
bogie hearth furnace;https://aravana74.ru/image/catalog/kep-vpr3.4-500/IMG_20210913_133015_S.jpg
bogie hearth furnace;https://aravana74.ru/image/catalog/zakalkapechi/img_20190721_114710_prom-pechi.jpg
bogie hearth furnace;https://aravana74.ru/image/catalog/podovaja/img_20191009_161331.jpg
bogie hearth furnace;https://www.mag-tech.ru/wp-content/uploads/2019/10/pkje-300-2019.jpg
bogie hearth furnace;https://www.mag-tech.ru/wp-content/uploads/2019/02/Pech_Electro_Dver_VPod_1_albrus.jpg
bogie hearth furnace;https://ptermo.ru/uploads/s/8/h/m/8hmwrm2u2cdc/img/full_8bN70C1n.jpg
bogie hearth furnace;https://a-mz.ru/upload/iblock/40f/VKT-18500.jpg
bogie hearth furnace;https://static.tildacdn.com/tild6637-3431-4739-b238-306461613337/-300.jpg
bogie hearth furnace;https://www.equipnet.ru/netcat_files/325/355/8_61.jpg
bogie hearth furnace;https://www.ceradelindustries.com/typo3temp/pics/7ad970a6dd.jpg
bogie hearth furnace;https://www.ceradelindustries.com/uploads/pics/WM3600_06_A_02.jpg
bogie hearth furnace;https://hobby-cg.ru/assets/images/products/7545/fe7d2f4d984111e290ebbc5ff438605d_77b201c08ad111e681461c6f65ab03bd.jpg
bogie hearth furnace;https://www.electroheat.com/wp-content/uploads/2016/04/Ugn-med-hisslucka-kopia.jpg
bogie hearth furnace;https://svsteplo.ru/fileadmin/_processed_/csm_pech_2_f376b2998d.jpg
bogie hearth furnace;https://4keramika.ru/upload/iblock/516/aqer4kwzc8g28q34ppl42h4d3kn7pxk5.jpg
bogie hearth furnace;https://4keramika.ru/upload/iblock/3f0/3f030b1b2e8d9e90db75527bd02a81c1.jpg
bogie hearth furnace;https://psz-spb.ru/images/detailed/12/item-9_l6il-u1.jpg?t=1532591116
bogie hearth furnace;https://www.nakal.ru/upload/medialibrary/abd/abdb8dcdfd16e1348e49b76ad0c7a325.jpg
bogie hearth furnace;https://www.nakal.ru/upload/medialibrary/c9c/c9c07731360061d51a60ae06fd71f743.jpg
bogie hearth furnace;https://cpimg.tistatic.com/00417446/b/5/Gas-Fired-Bogie-Hearth-Furnace.jpg
bogie hearth furnace;https://cdn1.npcdn.net/images/15520125952f86061cb38d22c058bd41677c6bfb0e.jpeg
bogie hearth furnace;https://www.jrfurnace.net/wp-content/uploads/2020/11/Bogie-Hearth-Furnace-jr.jpg
bogie hearth furnace;https://www.ceradelindustries.com/typo3temp/pics/a3e6726cab.jpg
bogie hearth furnace;https://images.jdmagicbox.com/quickquotes/images_main/bogie-hearth-furnace-2019543052-5he84kef.jpg
bogie hearth furnace;https://www.saftherm.com/wp-content/uploads/2022/12/1400C-vacuum-atmosphere-furnaces1-1.jpg
bogie hearth furnace;https://programtherm.com/wp-content/uploads/2022/06/car-bottom-furnace.jpg
bogie hearth furnace;https://www.saftherm.com/wp-content/uploads/2022/12/1200%C2%B0C-Bogie-Hearth-Furnace.jpg
bogie hearth furnace;https://nabertherm.com/sites/default/files/styles/productslider/public/Wagen_auf_Stahlraedern_fmt.jpg?h=3d48f358&itok=vzV18Z97
